{"lev_min": {"class_counts": [["0.108", 3], ["0.154", 2], ["0.112", 1], ["0.001", 1], ["0.070", 1], ["0.238", 1], ["0.390", 1], ["0.080", 1], ["0.094", 1], ["0.084", 1], ["0.209", 1], ["0.152", 1], ["0.110", 1], ["0.148", 1], ["0.071", 1], ["0.220", 1], ["0.144", 1]], "avg_precision": 0.0, "avg_recall": 0.0, "avg_f1": 0.0, "avg_accuracy": 0.0, "weighted_precision": 0.0, "weighted_recall": 0.0, "weighted_f1": 0.0, "weighted_accuracy": 0.0, "class_precision": [0.0, 0.0, 0.0, 0.0, 0.0, 0.0, 0.0, 0.0, 0.0, 0.0, 0.0, 0.0, 0.0, 0.0, 0.0, 0.0, 0.0], "class_recall": [0.0, 0.0, 0.0, 0.0, 0.0, 0.0, 0.0, 0.0, 0.0, 0.0, 0.0, 0.0, 0.0, 0.0, 0.0, 0.0, 0.0], "class_f1": [0.0, 0.0, 0.0, 0.0, 0.0, 0.0, 0.0, 0.0, 0.0, 0.0, 0.0, 0.0, 0.0, 0.0, 0.0, 0.0, 0.0], "class_accuracy": 0.0, "num_classes": 17, "num_applicable_rows": 20, "confusion_matrix": [["0.108", [["MISSING", 3]]], ["0.154", [["MISSING", 2]]], ["0.112", [["MISSING", 1]]], ["0.001", [["MISSING", 1]]], ["0.070", [["MISSING", 1]]], ["0.238", [["MISSING", 1]]], ["0.390", [["MISSING", 1]]], ["0.080", [["MISSING", 1]]], ["0.094", [["MISSING", 1]]], ["0.084", [["MISSING", 1]]], ["0.209", [["MISSING", 1]]], ["0.152", [["MISSING", 1]]], ["0.110", [["MISSING", 1]]], ["0.148", [["MISSING", 1]]], ["0.071", [["MISSING", 1]]], ["0.220", [["MISSING", 1]]], ["0.144", [["MISSING", 1]]]], "precision_recall_curves": {"0.112": {"precision": [0.05, 1.0], "recall": [1.0, 0.0], "thresholds": [0.009900989942252636]}, "0.152": {"precision": [0.05, 1.0], "recall": [1.0, 0.0], "thresholds": [0.009900989942252636]}, "0.144": {"precision": [0.05, 1.0], "recall": [1.0, 0.0], "thresholds": [0.009900989942252636]}, "0.070": {"precision": [0.05, 1.0], "recall": [1.0, 0.0], "thresholds": [0.009900989942252636]}, "0.154": {"precision": [0.1, 1.0], "recall": [1.0, 0.0], "thresholds": [0.009900989942252636]}, "0.220": {"precision": [0.05, 1.0], "recall": [1.0, 0.0], "thresholds": [0.009900989942252636]}, "0.001": {"precision": [0.05, 1.0], "recall": [1.0, 0.0], "thresholds": [0.009900989942252636]}, "0.084": {"precision": [0.05, 1.0], "recall": [1.0, 0.0], "thresholds": [0.009900989942252636]}, "0.094": {"precision": [0.05, 1.0], "recall": [1.0, 0.0], "thresholds": [0.009900989942252636]}, "0.080": {"precision": [0.05, 1.0], "recall": [1.0, 0.0], "thresholds": [0.009900989942252636]}, "0.110": {"precision": [0.05, 1.0], "recall": [1.0, 0.0], "thresholds": [0.009900989942252636]}, "0.108": {"precision": [0.15, 1.0], "recall": [1.0, 0.0], "thresholds": [0.009900989942252636]}, "0.071": {"precision": [0.05, 1.0], "recall": [1.0, 0.0], "thresholds": [0.009900989942252636]}, "0.238": {"precision": [0.05, 1.0], "recall": [1.0, 0.0], "thresholds": [0.009900989942252636]}, "0.209": {"precision": [0.05, 1.0], "recall": [1.0, 0.0], "thresholds": [0.009900989942252636]}, "0.148": {"precision": [0.05, 1.0], "recall": [1.0, 0.0], "thresholds": [0.009900989942252636]}, "0.390": {"precision": [0.05, 1.0], "recall": [1.0, 0.0], "thresholds": [0.009900989942252636]}}}}